[{
  "name": "Plasmodium (Malaria Parasites)",
  "parent": "null",
  "children": [
    {
      "name": "Human-Human Transmission",
      "parent": "Plasmodium (Malaria Parasite)",
      "children": [
        {
          "name": "P. falciparum",
          "parent": "Human-Human Transmission"
        },
        {
          "name": "P. vivax",
          "parent": "Human-Human Transmission"
        },
        {
          "name": "P. malariae",
          "parent": "Human-Human Transmission"
        },
        {
          "name": "P. ovale",
          "parent": "Human-Human Transmission"
        }
      ]
    },
    {
      "name": "Zoonotic Transmission",
      "parent": "Plasmodium (Malaria Parasite)",
      "children": [
        {
          "name": "P. knowlesi",
          "parent": "Zoonotic Transmission"
        }
       ]
    }
  ]
}]